Timestamp,Rank,Keyword
2026-08-15 11:23:52,1,LG 새 투수 존 케네디
2026-08-15 11:23:52,2,"장동혁, 집회 발언"
2026-08-15 11:23:52,3,홍지민 무명 독립운동가 헌정
2026-08-15 11:23:52,4,BTS 그래미 아시안팝
2026-08-15 11:23:52,5,"션, 광복절 81.5KM 완주 성공"
2026-08-15 11:23:52,6,더불어민주당 당대표 후보
2026-08-15 11:23:52,7,체포
2026-08-15 11:23:52,8,콜 오브 듀티
2026-08-15 11:23:52,9,인도네시아 7.7 강진 사망
2026-08-15 11:23:52,10,장인화
2026-08-15 20:32:25,1,LG 새 투수 존 케네디
2026-08-15 20:32:25,2,"장동혁, 집회 발언"
2026-08-15 20:32:25,3,홍지민 무명 독립운동가 헌정
2026-08-15 20:32:25,4,BTS 그래미 아시안팝
2026-08-15 20:32:25,5,"션, 광복절 81.5KM 완주 성공"
2026-08-15 20:32:25,6,더불어민주당 당대표 후보
2026-08-15 20:32:25,7,체포
2026-08-15 20:32:25,8,콜 오브 듀티
2026-08-15 20:32:25,9,인도네시아 7.7 강진 사망
2026-08-15 20:32:25,10,장인화
2026-08-15 22:22:13,1,"김민석, 호남 과반 승리"
2026-08-15 22:22:13,2,"박유나, 고윤 소개로 배정남과 사랑이 온다"
2026-08-15 22:22:13,3,백인천 감독 추모합니다
2026-08-15 22:22:13,4,내일 날씨
2026-08-15 22:22:13,5,로또 1237회 당첨번호
2026-08-15 22:22:13,6,리센느 원 인기 실감!
2026-08-15 22:22:13,7,헤수스 카사스
2026-08-15 22:22:13,8,서강대 개인정보 유출
2026-08-15 22:22:13,9,최형우
2026-08-15 22:22:13,10,LG 케네디 영입
